<?xml version="1.0" encoding="UTF-8"?>
<section name="Workbench">
	<section name="org.eclipse.jst.jsp.ui.internal.preferences.ui.JSPTemplatePreferencePage$JSPEditTemplateDialog_dialogBounds">
		<item value="934" key="DIALOG_WIDTH"/>
		<item value="1|Segoe UI|9.0|0|WINDOWS|1|-12|0|0|0|400|0|0|0|1|0|0|0|0|Segoe UI" key="DIALOG_FONT_NAME"/>
		<item value="517" key="DIALOG_HEIGHT"/>
		<item value="-276" key="DIALOG_X_ORIGIN"/>
		<item value="57" key="DIALOG_Y_ORIGIN"/>
	</section>
	<section name="org.eclipse.ui.texteditor.FindReplaceDialog">
		<item value="false" key="isRegEx"/>
		<item value="Create" key="selection"/>
		<item value="false" key="casesensitive"/>
		<item value="false" key="incremental"/>
		<item value="true" key="wrap"/>
		<item value="false" key="wholeword"/>
		<list key="findhistory">
			<item value="Create"/>
			<item value="CreateUser"/>
			<item value="CreateUserController"/>
			<item value="=&quot;required&quot;"/>
			<item value="request.getSession().setAttribute(&quot;view&quot;, &quot;acount.jsp&quot;);"/>
			<item value="compile"/>
			<item value="refproj"/>
			<item value="init"/>
		</list>
		<list key="replacehistory">
			<item value=""/>
			<item value="&quot;"/>
		</list>
	</section>
	<section name="org.eclipse.ui.texteditor.FindReplaceDialog_dialogBounds">
		<item value="257" key="DIALOG_WIDTH"/>
		<item value="1|Segoe UI|9.0|0|WINDOWS|1|-12|0|0|0|400|0|0|0|1|0|0|0|0|Segoe UI" key="DIALOG_FONT_NAME"/>
		<item value="381" key="DIALOG_HEIGHT"/>
		<item value="1566" key="DIALOG_X_ORIGIN"/>
		<item value="454" key="DIALOG_Y_ORIGIN"/>
	</section>
</section>
